"Symbol","Name","LastSale","MarketCap","IPOyear","Sector","industry","Summary Quote",
"GOED","1847 Goedeker Inc.","5.8939","$36.02M","2020","Consumer Services","Home Furnishings","https://old.nasdaq.com/symbol/goed",
"XXII","22nd Century Group, Inc","1.35","$187.46M","n/a","Consumer Non-Durables","Farming/Seeds/Milling","https://old.nasdaq.com/symbol/xxii",
"FAX","Aberdeen Asia-Pacific Income Fund Inc","4.18","$1.04B","1986","n/a","n/a","https://old.nasdaq.com/symbol/fax",
"IAF","Aberdeen Australia Equity Fund Inc","5.11","$116.21M","n/a","n/a","n/a","https://old.nasdaq.com/symbol/iaf",
"AEF","Aberdeen Emerging Markets Equity Income Fund, Inc.","7.57","$384.19M","n/a","n/a","n/a","https://old.nasdaq.com/symbol/aef",
"FCO","Aberdeen Global Income Fund, Inc.","7.53","$65.7M","1992","n/a","n/a","https://old.nasdaq.com/symbol/fco",
"ACU","Acme United Corporation.","32.71","$109.22M","1988","Capital Goods","Industrial Machinery/Components","https://old.nasdaq.com/symbol/acu",
"ATNM","Actinium Pharmaceuticals, Inc.","11.16","$151.63M","n/a","Health Care","Major Pharmaceuticals","https://old.nasdaq.com/symbol/atnm",
"AE","Adams Resources & Energy, Inc.","26.2","$111.15M","n/a","Energy","Oil Refining/Marketing","https://old.nasdaq.com/symbol/ae",
"ACY","AeroCentury Corp.","2.03","$3.14M","n/a","Technology","Diversified Commercial Services","https://old.nasdaq.com/symbol/acy",
"UAVS","AgEagle Aerial Systems, Inc.","2.8","$162.35M","n/a","Capital Goods","Aerospace","https://old.nasdaq.com/symbol/uavs",
"AGE","AgeX Therapeutics, Inc.","1.83","$68.97M","2018","Health Care","Major Pharmaceuticals","https://old.nasdaq.com/symbol/age",
"AIRI","Air Industries Group","1.16","$36.81M","n/a","Capital Goods","Military/Government/Technical","https://old.nasdaq.com/symbol/airi",
"AXU","Alexco Resource Corp","2.42","$331.68M","n/a","Basic Industries","Precious Metals","https://old.nasdaq.com/symbol/axu",
"AAU","Almaden Minerals, Ltd.","1.08","$130.19M","2015","Basic Industries","Precious Metals","https://old.nasdaq.com/symbol/aau",
"APT","Alpha Pro Tech, Ltd.","12.66","$171.9M","n/a","Health Care","Industrial Specialties","https://old.nasdaq.com/symbol/apt",
"AAMC","Altisource Asset Management Corp","23","$37.95M","n/a","Finance","Real Estate","https://old.nasdaq.com/symbol/aamc",
"AMBO","Ambow Education Holding Ltd.","2.23","$51.77M","n/a","Consumer Services","Other Consumer Services","https://old.nasdaq.com/symbol/ambo",
"DIT","AMCON Distributing Company","87","$47.98M","n/a","Consumer Non-Durables","Food Distributors","https://old.nasdaq.com/symbol/dit",
"AMS","American Shared Hospital Services","1.87","$10.77M","n/a","Health Care","Medical Specialities","https://old.nasdaq.com/symbol/ams",
"USAS","Americas Gold and Silver Corporation","2.67","$314.99M","2017","Basic Industries","Precious Metals","https://old.nasdaq.com/symbol/usas",
"AP.WS","Ampco-Pittsburgh Corporation","n/a","n/a","n/a","n/a","n/a","https://old.nasdaq.com/symbol/ap.ws",
"AMPE","Ampio Pharmaceuticals, Inc.","0.8607","$159.28M","n/a","Health Care","Major Pharmaceuticals","https://old.nasdaq.com/symbol/ampe",
"ANVS","Annovis Bio, Inc.","5.17","$35.63M","2020","Health Care","Major Pharmaceuticals","https://old.nasdaq.com/symbol/anvs",
"ARMP","Armata Pharmaceuticals, Inc.","3.13","$58.54M","n/a","Health Care","Biotechnology: Biological Products (No Diagnostic Substances)","https://old.nasdaq.com/symbol/armp",
"AINC","Ashford Inc.","6.5","$16.6M","2014","Consumer Services","Professional Services","https://old.nasdaq.com/symbol/ainc",
"AWX","Avalon Holdings Corporation","2.1402","$8.29M","n/a","Public Utilities","Environmental Services","https://old.nasdaq.com/symbol/awx",
"ASM","Avino Silver","0.97","$86.88M","n/a","Basic Industries","Precious Metals","https://old.nasdaq.com/symbol/asm",
"BTG","B2Gold Corp","5.68","$5.97B","n/a","Basic Industries","Precious Metals","https://old.nasdaq.com/symbol/btg",
"BTN","Ballantyne Strong, Inc","1.89","$27.95M","n/a","Miscellaneous","Industrial Machinery/Components","https://old.nasdaq.com/symbol/btn",
"BCV","Bancroft Fund Limited","28.82","$154.27M","n/a","n/a","n/a","https://old.nasdaq.com/symbol/bcv",
"BCV^A","Bancroft Fund Limited","25.8234","n/a","n/a","n/a","n/a","https://old.nasdaq.com/symbol/bcv^a",
"BHB","Bar Harbor Bankshares, Inc.","23.74","$354.4M","n/a","Finance","Major Banks","https://old.nasdaq.com/symbol/bhb",
"BRN","Barnwell Industries, Inc.","1.032","$8.54M","n/a","Energy","Oil & Gas Production","https://old.nasdaq.com/symbol/brn",
"BATL","Battalion Oil Corporation","6.9","$111.81M","n/a","Energy","Oil & Gas Production","https://old.nasdaq.com/symbol/batl",
"BIOX","Bioceres Crop Solutions Corp.","5.67","$218.16M","2018","Basic Industries","Agricultural Chemicals","https://old.nasdaq.com/symbol/biox",
"PHGE","BiomX Inc.","5.98","$138.6M","2019","Health Care","Biotechnology: Biological Products (No Diagnostic Substances)","https://old.nasdaq.com/symbol/phge",
"PHGE.U","BiomX Inc.","n/a","n/a","2018","n/a","n/a","https://old.nasdaq.com/symbol/phge.u",
"PHGE.WS","BiomX Inc.","n/a","n/a","n/a","n/a","n/a","https://old.nasdaq.com/symbol/phge.ws",
"BGI","Birks Group Inc.","0.7866","$14.14M","n/a","Consumer Services","Consumer Specialties","https://old.nasdaq.com/symbol/bgi",
"BKTI","BK Technologies Corporation","3","$37.54M","n/a","Technology","Radio And Television Broadcasting And Communications Equipment","https://old.nasdaq.com/symbol/bkti",
"BDR","Blonder Tongue Laboratories, Inc.","0.995","$10.07M","n/a","Technology","Radio And Television Broadcasting And Communications Equipment","https://old.nasdaq.com/symbol/bdr",
"BRBS","Blue Ridge Bankshares, Inc.","14.65","$83.78M","n/a","Finance","Major Banks","https://old.nasdaq.com/symbol/brbs",
"BRG","Bluerock Residential Growth REIT, Inc.","9.37","$223.45M","2014","Consumer Services","Real Estate Investment Trusts","https://old.nasdaq.com/symbol/brg",
"BRG^A","Bluerock Residential Growth REIT, Inc.","25.4608","n/a","n/a","n/a","n/a","https://old.nasdaq.com/symbol/brg^a",
"BRG^C","Bluerock Residential Growth REIT, Inc.","25.9","n/a","n/a","n/a","n/a","https://old.nasdaq.com/symbol/brg^c",
"BRG^D","Bluerock Residential Growth REIT, Inc.","25.41","n/a","n/a","n/a","n/a","https://old.nasdaq.com/symbol/brg^d",
"DMF","BNY Mellon Municipal Income Inc.","8.57","$177.81M","1988","n/a","n/a","https://old.nasdaq.com/symbol/dmf",
"BWL.A","Bowl America, Inc.","n/a","n/a","n/a","n/a","n/a","https://old.nasdaq.com/symbol/bwl.a",
"BRMK.WS","Broadmark Realty Capital Inc.","n/a","n/a","n/a","n/a","n/a","https://old.nasdaq.com/symbol/brmk.ws",
"CMCL","Caledonia Mining Corporation Plc","15.63","$189.42M","n/a","Basic Industries","Precious Metals","https://old.nasdaq.com/symbol/cmcl",
"CEI","Camber Energy, Inc.","0.8053","$20.13M","n/a","Energy","Oil & Gas Production","https://old.nasdaq.com/symbol/cei",
"CANF","Can-Fite Biopharma Ltd","1.855","$28.59M","n/a","Health Care","Major Pharmaceuticals","https://old.nasdaq.com/symbol/canf",
"YCBD","cbdMD, Inc.","2.48","$129.22M","2017","Consumer Non-Durables","Package Goods/Cosmetics","https://old.nasdaq.com/symbol/ycbd",
"YCBD^A","cbdMD, Inc.","8.01","n/a","n/a","n/a","n/a","https://old.nasdaq.com/symbol/ycbd^a",
"CVM","Cel-Sci Corporation","12.21","$471.6M","n/a","Health Care","Biotechnology: Biological Products (No Diagnostic Substances)","https://old.nasdaq.com/symbol/cvm",
"CET","Central Securities Corporation","29.8923","$770.84M","n/a","n/a","n/a","https://old.nasdaq.com/symbol/cet",
"LEU","Centrus Energy Corp.","10.44","$125.7M","2014","Basic Industries","Mining & Quarrying of Nonmetallic Minerals (No Fuels)","https://old.nasdaq.com/symbol/leu",
"CHAQ","Chardan Healthcare Acquisition 2 Corp.","9.8","$105.63M","2020","Finance","Business Services","https://old.nasdaq.com/symbol/chaq",
"CHAQ.U","Chardan Healthcare Acquisition 2 Corp.","n/a","n/a","2020","n/a","n/a","https://old.nasdaq.com/symbol/chaq.u",
"CHAQ.WS","Chardan Healthcare Acquisition 2 Corp.","n/a","n/a","n/a","n/a","n/a","https://old.nasdaq.com/symbol/chaq.ws",
"CCF","Chase Corporation","105.14","$993.1M","n/a","Consumer Durables","Building Products","https://old.nasdaq.com/symbol/ccf",
"CQP","Cheniere Energy Partners, LP","37.78","$18.29B","2007","Public Utilities","Oil/Gas Transmission","https://old.nasdaq.com/symbol/cqp",
"LNG","Cheniere Energy, Inc.","54.44","$13.73B","n/a","Public Utilities","Oil/Gas Transmission","https://old.nasdaq.com/symbol/lng",
"CVR","Chicago Rivet & Machine Co.","21.681","$20.95M","n/a","Technology","Industrial Machinery/Components","https://old.nasdaq.com/symbol/cvr",
"CPHI","China Pharma Holdings, Inc.","0.4201","$18.31M","n/a","Health Care","Major Pharmaceuticals","https://old.nasdaq.com/symbol/cphi",
"CKX","CKX Lands, Inc.","9.4027","$18.26M","n/a","Energy","Oil & Gas Production","https://old.nasdaq.com/symbol/ckx",
"GLV","Clough Global Dividend and Income Fund","9.64","$81.05M","2004","n/a","n/a","https://old.nasdaq.com/symbol/glv",
"GLQ","Clough Global Equity Fund","12.23","$161.81M","2005","n/a","n/a","https://old.nasdaq.com/symbol/glq",
"GLO","Clough Global Opportunities Fund","9.93","$319.99M","2006","n/a","n/a","https://old.nasdaq.com/symbol/glo",
"COHN","Cohen & Company Inc.","16.61","$22.85M","n/a","Finance","Investment Bankers/Brokers/Service","https://old.nasdaq.com/symbol/cohn",
"CIX","CompX International Inc.","14.49","$180.42M","1998","Capital Goods","Industrial Machinery/Components","https://old.nasdaq.com/symbol/cix",
"LODE","Comstock Mining, Inc.","0.998","$34.37M","n/a","Basic Industries","Precious Metals","https://old.nasdaq.com/symbol/lode",
"CDOR","Condor Hospitality Trust, Inc.","3.15","$37.85M","n/a","Consumer Services","Real Estate Investment Trusts","https://old.nasdaq.com/symbol/cdor",
"MCF","Contango Oil & Gas Company","1.47","$234.46M","n/a","Energy","Oil & Gas Production","https://old.nasdaq.com/symbol/mcf",
"CMT","Core Molding Technologies Inc","10.49","$83.62M","n/a","Consumer Non-Durables","Plastic Products","https://old.nasdaq.com/symbol/cmt",
"CRMD","CorMedix Inc.","7.25","$232.96M","n/a","Health Care","Major Pharmaceuticals","https://old.nasdaq.com/symbol/crmd",
"CRF","Cornerstone Strategic Return Fund, Inc. (The)","10.86","$436.97M","n/a","n/a","n/a","https://old.nasdaq.com/symbol/crf",
"CLM","Cornerstone Strategic Value Fund, Inc.","11.09","$844.18M","1987","n/a","n/a","https://old.nasdaq.com/symbol/clm",
"CVU","CPI Aerostructures, Inc.","2.91","$34.78M","n/a","Capital Goods","Military/Government/Technical","https://old.nasdaq.com/symbol/cvu",
"CIK","Credit Suisse Asset Management Income Fund, Inc.","3.09","$161.62M","n/a","n/a","n/a","https://old.nasdaq.com/symbol/cik",
"DHY","Credit Suisse High Yield Bond Fund","2.27","$234.96M","1998","n/a","n/a","https://old.nasdaq.com/symbol/dhy",
"CRHM","CRH Medical Corporation","2.59","$184.96M","2015","Health Care","Medical/Nursing Services","https://old.nasdaq.com/symbol/crhm",
"CTO","CTO Realty Growth, Inc.","40.32","$190.18M","n/a","Finance","Real Estate","https://old.nasdaq.com/symbol/cto",
"CTEK","CynergisTek, Inc.","1.39","$14.81M","2017","Miscellaneous","Business Services","https://old.nasdaq.com/symbol/ctek",
"DXR","Daxor Corporation","13.88","$55.71M","n/a","Health Care","Medical/Dental Instruments","https://old.nasdaq.com/symbol/dxr",
"VCF","Delaware Investments Colorado Municipal Income Fund, Inc","13.95","$67.48M","1993","n/a","n/a","https://old.nasdaq.com/symbol/vcf",
"VFL","Delaware Investments Florida Insured Municipal Income Fund","12.6731","$57.39M","1993","n/a","n/a","https://old.nasdaq.com/symbol/vfl",
"VMM","Delaware Investments Minnesota Municipal Income Fund II, Inc.","12.83","$147.61M","1993","n/a","n/a","https://old.nasdaq.com/symbol/vmm",
"DLA","Delta Apparel, Inc.","22.34","$153.93M","n/a","Consumer Non-Durables","Apparel","https://old.nasdaq.com/symbol/dla",
"DNN","Denison Mine Corp","0.345","$233.8M","n/a","Basic Industries","Precious Metals","https://old.nasdaq.com/symbol/dnn",
"DSS","Document Security Systems, Inc.","5.12","$29.88M","n/a","Consumer Durables","Containers/Packaging","https://old.nasdaq.com/symbol/dss",
"DPW","DPW Holdings, Inc.","2.13","$31.85M","n/a","Capital Goods","Industrial Machinery/Components","https://old.nasdaq.com/symbol/dpw",
"DXF","Dunxin Financial Holdings Limited","1.17","$24.4M","n/a","Finance","Finance: Consumer Services","https://old.nasdaq.com/symbol/dxf",
"GRF","Eagle Capital Growth Fund, Inc.","7.7147","$31.43M","n/a","n/a","n/a","https://old.nasdaq.com/symbol/grf",
"EVM","Eaton Vance California Municipal Bond Fund","11.55","$288.68M","2002","n/a","n/a","https://old.nasdaq.com/symbol/evm",
"CEV","Eaton Vance California Municipal Income Trust","13.33","$95.09M","1999","n/a","n/a","https://old.nasdaq.com/symbol/cev",
"EVV","Eaton Vance Limited Duration Income Fund","12.07","$1.4B","2003","n/a","n/a","https://old.nasdaq.com/symbol/evv",
"EIM","Eaton Vance Municipal Bond Fund","13.12","$944.03M","2002","n/a","n/a","https://old.nasdaq.com/symbol/eim",
"ENX","Eaton Vance New York Municipal Bond Fund","12.01","$217.6M","2002","n/a","n/a","https://old.nasdaq.com/symbol/enx",
"EVY","Eaton Vance New York Municipal Income Trust","13.27","$71.68M","1999","n/a","n/a","https://old.nasdaq.com/symbol/evy",
"ELMD","Electromed, Inc.","9.71","$83.57M","2011","Health Care","Biotechnology: Electromedical & Electrotherapeutic Apparatus","https://old.nasdaq.com/symbol/elmd",
"ELLO","Ellomay Capital Ltd.","34.23","$433.08M","n/a","Public Utilities","Electric Utilities: Central","https://old.nasdaq.com/symbol/ello",
"ECF","Ellsworth Growth and Income Fund Ltd.","13.07","$172.59M","1986","n/a","n/a","https://old.nasdaq.com/symbol/ecf",
"ECF^A","Ellsworth Growth and Income Fund Ltd.","25.95","n/a","n/a","n/a","n/a","https://old.nasdaq.com/symbol/ecf^a",
"EMAN","eMagin Corporation","1.06","$71.55M","n/a","Technology","Semiconductors","https://old.nasdaq.com/symbol/eman",
"MSN","Emerson Radio Corporation","0.8253","$17.37M","n/a","Consumer Non-Durables","Consumer Electronics/Appliances","https://old.nasdaq.com/symbol/msn",
"EMX","EMX Royalty Corporation","2.74","$231.08M","n/a","Basic Industries","Precious Metals","https://old.nasdaq.com/symbol/emx",
"UUUU","Energy Fuels Inc","1.83","$239.87M","n/a","Basic Industries","Mining & Quarrying of Nonmetallic Minerals (No Fuels)","https://old.nasdaq.com/symbol/uuuu",
"UUUU.WS","Energy Fuels Inc","n/a","n/a","n/a","n/a","n/a","https://old.nasdaq.com/symbol/uuuu.ws",
"ENSV","ENSERVCO Corporation","0.132","$678810.79","n/a","Energy","Oilfield Services/Equipment","https://old.nasdaq.com/symbol/ensv",
"ELA","Envela Corporation","4.26","$114.7M","n/a","Consumer Services","Consumer Specialties","https://old.nasdaq.com/symbol/ela",
"EQX","Equinox Gold Corp.","10.08","$2.44B","n/a","Basic Industries","Precious Metals","https://old.nasdaq.com/symbol/eqx",
"ESP","Espey Mfg. & Electronics Corp.","19.18","$46.08M","n/a","Capital Goods","Industrial Machinery/Components","https://old.nasdaq.com/symbol/esp",
"EVBN","Evans Bancorp, Inc.","26.54","$142.9M","n/a","Finance","Major Banks","https://old.nasdaq.com/symbol/evbn",
"EVI","EVI Industries, Inc.","31.7","$378.32M","n/a","Consumer Services","Other Consumer Services","https://old.nasdaq.com/symbol/evi",
"EPM","Evolution Petroleum Corporation, Inc.","2.6","$85.68M","n/a","Energy","Oil & Gas Production","https://old.nasdaq.com/symbol/epm",
"EXN","Excellon Resources Inc.","2.73","$87.55M","2020","Basic Industries","Precious Metals","https://old.nasdaq.com/symbol/exn",
"FEN","First Trust Energy Income and Growth Fund","10.71","$214.42M","2004","n/a","n/a","https://old.nasdaq.com/symbol/fen",
"BDL","Flanigan&#39;s Enterprises, Inc.","16.847","$31.31M","n/a","Consumer Services","Restaurants","https://old.nasdaq.com/symbol/bdl",
"FSI","Flexible Solutions International Inc.","2.29","$28.03M","n/a","Basic Industries","Major Chemicals","https://old.nasdaq.com/symbol/fsi",
"FTF","Franklin Limited Duration Income Trust","8.56","$257.99M","2003","n/a","n/a","https://old.nasdaq.com/symbol/ftf",
"FSP","Franklin Street Properties Corp.","4.86","$521.62M","n/a","Consumer Services","Real Estate Investment Trusts","https://old.nasdaq.com/symbol/fsp",
"FRD","Friedman Industries Inc.","6.0411","$42.55M","n/a","Capital Goods","Steel/Iron Ore","https://old.nasdaq.com/symbol/frd",
"FTSI","FTS International, Inc.","14.11","$75.92M","2020","Energy","Oilfield Services/Equipment","https://old.nasdaq.com/symbol/ftsi",
"FURY","Fury Gold Mines Limited","1.435","$169.08M","2020","Basic Industries","Precious Metals","https://old.nasdaq.com/symbol/fury",
"GAU","Galiano Gold Inc.","1.17","$262.35M","n/a","Basic Industries","Mining & Quarrying of Nonmetallic Minerals (No Fuels)","https://old.nasdaq.com/symbol/gau",
"GGN","GAMCO Global Gold, Natural Reources & Income Trust ","3.47","$572.24M","2005","n/a","n/a","https://old.nasdaq.com/symbol/ggn",
"GGN^B","GAMCO Global Gold, Natural Reources & Income Trust ","25.6","n/a","n/a","n/a","n/a","https://old.nasdaq.com/symbol/ggn^b",
"JOB","GEE Group Inc.","1.0002","$17.67M","n/a","Technology","Diversified Commercial Services","https://old.nasdaq.com/symbol/job",
"GSAT","Globalstar, Inc.","0.3128","$522.5M","2006","Consumer Services","Telecommunications Equipment","https://old.nasdaq.com/symbol/gsat",
"GORO","Gold Resource Corporation","3","$215.6M","n/a","Basic Industries","Precious Metals","https://old.nasdaq.com/symbol/goro",
"GSV","Gold Standard Ventures Corporation","0.677","$213.37M","n/a","Basic Industries","Mining & Quarrying of Nonmetallic Minerals (No Fuels)","https://old.nasdaq.com/symbol/gsv",
"AUMN","Golden Minerals Company","0.4795","$72.65M","n/a","Basic Industries","Precious Metals","https://old.nasdaq.com/symbol/aumn",
"GSS","Golden Star Resources, Ltd","3.81","$423.9M","n/a","Basic Industries","Precious Metals","https://old.nasdaq.com/symbol/gss",
"GV","Goldfield Corporation (The)","4.32","$105.94M","n/a","Basic Industries","Water Supply","https://old.nasdaq.com/symbol/gv",
"GLDG","GoldMining Inc.","2.23","$329.21M","n/a","Basic Industries","Precious Metals","https://old.nasdaq.com/symbol/gldg",
"GDP","Goodrich Petroleum Corporation","11.48","$145.29M","2017","Energy","Oil & Gas Production","https://old.nasdaq.com/symbol/gdp",
"GTE","Gran Tierra Energy Inc.","0.2319","$85.1M","n/a","Energy","Oil & Gas Production","https://old.nasdaq.com/symbol/gte",
"GPL","Great Panther Mining Limited","0.7937","$281.55M","n/a","Basic Industries","Precious Metals","https://old.nasdaq.com/symbol/gpl",
"SIM","Grupo Simec, S.A. de C.V.","9.63","$1.49B","1993","Basic Industries","Steel/Iron Ore","https://old.nasdaq.com/symbol/sim",
"AIM","Hemispherx BioPharma, Inc.","1.93","$76.6M","n/a","Health Care","Biotechnology: Biological Products (No Diagnostic Substances)","https://old.nasdaq.com/symbol/aim",
"HLM^","Hillman Group Capital Trust","30.031","n/a","n/a","n/a","n/a","https://old.nasdaq.com/symbol/hlm^",
"HMG","HMG/Courtland Properties, Inc.","11","$11.08M","n/a","Consumer Services","Real Estate Investment Trusts","https://old.nasdaq.com/symbol/hmg",
"HUSA","Houston American Energy Corporation","1.5","$10.47M","n/a","Energy","Oil & Gas Production","https://old.nasdaq.com/symbol/husa",
"HWM^","Howmet Aerospace Inc.","74","n/a","n/a","n/a","n/a","https://old.nasdaq.com/symbol/hwm^",
"IBIO","iBio, Inc.","1.61","$293.19M","n/a","Health Care","Major Pharmaceuticals","https://old.nasdaq.com/symbol/ibio",
"IBO","IBO (Listing Market - NYSE Amex Network B F)","24.84","n/a","n/a","n/a","n/a","https://old.nasdaq.com/symbol/ibo",
"IMH","Impac Mortgage Holdings, Inc.","1.49","$31.63M","1997","Consumer Services","Real Estate Investment Trusts","https://old.nasdaq.com/symbol/imh",
"IMO","Imperial Oil Limited","17.24","$12.66B","n/a","Energy","Integrated oil Companies","https://old.nasdaq.com/symbol/imo",
"IOR","Income Opportunity Realty Investors, Inc.","11.8","$49.18M","n/a","Consumer Services","Real Estate Investment Trusts","https://old.nasdaq.com/symbol/ior",
"IGC","India Globalization Capital Inc.","1.28","$52.73M","n/a","Technology","Electronic Components","https://old.nasdaq.com/symbol/igc",
"INDO","Indonesia Energy Corporation Limited","4.6971","$34.8M","2019","Energy","Oil & Gas Production","https://old.nasdaq.com/symbol/indo",
"INFU","InfuSystems Holdings, Inc.","14.95","$302.54M","n/a","Health Care","Medical/Dental Instruments","https://old.nasdaq.com/symbol/infu",
"IHT","InnSuites Hospitality Trust","2.19","$20.03M","n/a","Consumer Services","Real Estate Investment Trusts","https://old.nasdaq.com/symbol/iht",
"NSPR","InspireMD Inc.","0.3594","$13.28M","n/a","Health Care","Medical/Dental Instruments","https://old.nasdaq.com/symbol/nspr",
"NSPR.WS","InspireMD Inc.","n/a","n/a","n/a","n/a","n/a","https://old.nasdaq.com/symbol/nspr.ws",
"NSPR.WS.B","InspireMD Inc.","n/a","n/a","n/a","n/a","n/a","https://old.nasdaq.com/symbol/nspr.ws.b",
"ITRG","Integra Resources Corp.","3.4","$185.67M","n/a","Basic Industries","Precious Metals","https://old.nasdaq.com/symbol/itrg",
"INS","Intelligent Systems Corporation","38.28","$341.82M","1992","Technology","Computer Software: Prepackaged Software","https://old.nasdaq.com/symbol/ins",
"THM","International Tower Hill Mines Ltd","1.47","$286.52M","n/a","Basic Industries","Precious Metals","https://old.nasdaq.com/symbol/thm",
"INTT","inTest Corporation","5.25","$55.28M","1997","Capital Goods","Electrical Products","https://old.nasdaq.com/symbol/intt",
"INUV","Inuvo, Inc","0.36","$35.14M","n/a","Consumer Services","Advertising","https://old.nasdaq.com/symbol/inuv",
"VKI","Invesco Advantage Municipal Income Trust II","11.08","$491.86M","n/a","n/a","n/a","https://old.nasdaq.com/symbol/vki",
"ISR","IsoRay, Inc.","0.3612","$31.51M","n/a","Health Care","Medical/Dental Instruments","https://old.nasdaq.com/symbol/isr",
"ISDR","Issuer Direct Corporation","21.5","$80.45M","n/a","Miscellaneous","Publishing","https://old.nasdaq.com/symbol/isdr",
"ITP","IT Tech Packaging, Inc.","0.61","$17.39M","n/a","Consumer Durables","Containers/Packaging","https://old.nasdaq.com/symbol/itp",
"KLR","Kaleyra, Inc.","7.16","$209.97M","2018","Technology","EDP Services","https://old.nasdaq.com/symbol/klr",
"KLR.WS","Kaleyra, Inc.","n/a","n/a","n/a","n/a","n/a","https://old.nasdaq.com/symbol/klr.ws",
"KIQ","Kelso Technologies Inc","0.5272","$24.87M","n/a","Capital Goods","Railroads","https://old.nasdaq.com/symbol/kiq",
"LSF","Laird Superfood, Inc.","47.18","$418.72M","2020","Consumer Non-Durables","Packaged Foods","https://old.nasdaq.com/symbol/lsf",
"LGL","LGL Group, Inc. (The)","9.0154","$47M","n/a","Capital Goods","Industrial Machinery/Components","https://old.nasdaq.com/symbol/lgl",
"LGL.WS","LGL Group, Inc. (The)","n/a","n/a","n/a","n/a","n/a","https://old.nasdaq.com/symbol/lgl.ws",
"LCTX","Lineage Cell Therapeutics, Inc.","1.35","$202.47M","n/a","Health Care","Biotechnology: Biological Products (No Diagnostic Substances)","https://old.nasdaq.com/symbol/lctx",
"MAG","MAG Silver Corporation","15.73","$1.49B","n/a","Basic Industries","Precious Metals","https://old.nasdaq.com/symbol/mag",
"MHH","Mastech Digital, Inc","17.13","$194.94M","n/a","Consumer Services","Professional Services","https://old.nasdaq.com/symbol/mhh",
"MTNB","Matinas Biopharma Holdings, Inc.","0.8024","$159.88M","2017","Health Care","Major Pharmaceuticals","https://old.nasdaq.com/symbol/mtnb",
"MMX","Maverix Metals Inc.","5.15","$723.51M","n/a","Basic Industries","Precious Metals","https://old.nasdaq.com/symbol/mmx",
"IPB","Merrill Lynch & Co., Inc. 6.0518% Index Plus Trust Certificate","29.64","n/a","n/a","Finance","Finance: Consumer Services","https://old.nasdaq.com/symbol/ipb",
"MTA","Metalla Royalty & Streaming Ltd.","9.25","$362.73M","n/a","Basic Industries","Precious Metals","https://old.nasdaq.com/symbol/mta",
"MXC","Mexco Energy Corporation","5.56","$11.41M","n/a","Energy","Oil & Gas Production","https://old.nasdaq.com/symbol/mxc",
"MLSS","Milestone Scientific, Inc.","1.55","$98.72M","2015","Health Care","Industrial Specialties","https://old.nasdaq.com/symbol/mlss",
"MYO","Myomo Inc.","5.69","$26.07M","2017","Health Care","Industrial Specialties","https://old.nasdaq.com/symbol/myo",
"NNVC","NanoViricides, Inc.","3.75","$39.99M","n/a","Health Care","Biotechnology: Commercial Physical & Biological Resarch","https://old.nasdaq.com/symbol/nnvc",
"ATEST","NASDAQ TEST STOCK","25.04","n/a","n/a","n/a","n/a","https://old.nasdaq.com/symbol/atest",
"ATEST.A","NASDAQ TEST STOCK","n/a","n/a","n/a","n/a","n/a","https://old.nasdaq.com/symbol/atest.a",
"ATEST.B","NASDAQ TEST STOCK","n/a","n/a","n/a","n/a","n/a","https://old.nasdaq.com/symbol/atest.b",
"ATEST.C","NASDAQ TEST STOCK","n/a","n/a","n/a","n/a","n/a","https://old.nasdaq.com/symbol/atest.c",
"NHC","National HealthCare Corporation","64.6","$992.22M","n/a","Health Care","Hospital/Nursing Management","https://old.nasdaq.com/symbol/nhc",
"NAVB","Navidea Biopharmaceuticals, Inc.","2.36","$62.98M","n/a","Health Care","Biotechnology: In Vitro & In Vivo Diagnostic Substances","https://old.nasdaq.com/symbol/navb",
"NTIP","Network-1 Technologies, Inc.","3.05","$73.3M","n/a","Miscellaneous","Multi-Sector Companies","https://old.nasdaq.com/symbol/ntip",
"NBW","Neuberger Berman California Municipal Fund Inc","13.17","$73.11M","2002","n/a","n/a","https://old.nasdaq.com/symbol/nbw",
"NHS","Neuberger Berman High Yield Strategies Fund","11.43","$223.35M","n/a","n/a","n/a","https://old.nasdaq.com/symbol/nhs",
"NML","Neuberger Berman MLP and Energy Income Fund Inc.","3.22","$182.44M","2013","n/a","n/a","https://old.nasdaq.com/symbol/nml",
"NBH","Neuberger Berman Municipal Fund Inc.","15.15","$285.04M","2002","n/a","n/a","https://old.nasdaq.com/symbol/nbh",
"NBO","Neuberger Berman New York Municipal Fund Inc.","11.97","$60.78M","2002","n/a","n/a","https://old.nasdaq.com/symbol/nbo",
"NRO","Neuberger Berman Real Estate Securities Income Fund, Inc.","4.035","$191.34M","2003","n/a","n/a","https://old.nasdaq.com/symbol/nro",
"NBA.U","New Beginnings Acquisition Corp.","n/a","n/a","2020","n/a","n/a","https://old.nasdaq.com/symbol/nba.u",
"GBR","New Concept Energy, Inc","1.745","$8.96M","n/a","Energy","Oil & Gas Production","https://old.nasdaq.com/symbol/gbr",
"NEN","New England Realty Associates Limited Partnership","50.03","$182.74M","n/a","Consumer Services","Building operators","https://old.nasdaq.com/symbol/nen",
"NGD","New Gold Inc.","1.82","$1.23B","n/a","Basic Industries","Precious Metals","https://old.nasdaq.com/symbol/ngd",
"NXE","Nexgen Energy Ltd.","1.7","$640.81M","n/a","Basic Industries","Precious Metals","https://old.nasdaq.com/symbol/nxe",
"NAK","Northern Dynasty Minerals, Ltd.","0.88","$445.8M","n/a","Basic Industries","Precious Metals","https://old.nasdaq.com/symbol/nak",
"NOG","Northern Oil and Gas, Inc.","5.64","$258.6M","n/a","n/a","n/a","https://old.nasdaq.com/symbol/nog",
"NBY","NovaBay Pharmaceuticals, Inc.","0.638","$26.66M","2007","Health Care","Major Pharmaceuticals","https://old.nasdaq.com/symbol/nby",
"NG","Novagold Resources Inc.","10.55","$3.48B","n/a","Basic Industries","Precious Metals","https://old.nasdaq.com/symbol/ng",
"NTN","NTN Buzztime, Inc.","1.93","$5.72M","n/a","Health Care","Major Pharmaceuticals","https://old.nasdaq.com/symbol/ntn",
"NES","Nuverra Environmental Solutions, Inc.","2.16","$34.07M","2017","Energy","Oilfield Services/Equipment","https://old.nasdaq.com/symbol/nes",
"OBLG","Oblong Inc.","3.32","$20.87M","n/a","Technology","Computer Software: Programming, Data Processing","https://old.nasdaq.com/symbol/oblg",
"OCX","OncoCyte Corporation","1.83","$123.07M","2015","Health Care","Biotechnology: In Vitro & In Vivo Diagnostic Substances","https://old.nasdaq.com/symbol/ocx",
"OGEN","Oragenics Inc.","0.399","$24.34M","n/a","Health Care","Major Pharmaceuticals","https://old.nasdaq.com/symbol/ogen",
"PCG^A","Pacific Gas & Electric Co.","29.3799","n/a","n/a","n/a","n/a","https://old.nasdaq.com/symbol/pcg^a",
"PCG^B","Pacific Gas & Electric Co.","27.3","n/a","n/a","n/a","n/a","https://old.nasdaq.com/symbol/pcg^b",
"PCG^C","Pacific Gas & Electric Co.","24.75","n/a","n/a","n/a","n/a","https://old.nasdaq.com/symbol/pcg^c",
"PCG^D","Pacific Gas & Electric Co.","24.5","n/a","n/a","n/a","n/a","https://old.nasdaq.com/symbol/pcg^d",
"PCG^E","Pacific Gas & Electric Co.","24.405","n/a","n/a","n/a","n/a","https://old.nasdaq.com/symbol/pcg^e",
"PCG^G","Pacific Gas & Electric Co.","24","n/a","n/a","n/a","n/a","https://old.nasdaq.com/symbol/pcg^g",
"PCG^H","Pacific Gas & Electric Co.","22.63","n/a","n/a","n/a","n/a","https://old.nasdaq.com/symbol/pcg^h",
"PCG^I","Pacific Gas & Electric Co.","21.95","n/a","n/a","n/a","n/a","https://old.nasdaq.com/symbol/pcg^i",
"PTN","Palatin Technologies, Inc.","0.416","$95.64M","n/a","Health Care","Major Pharmaceuticals","https://old.nasdaq.com/symbol/ptn",
"PZG","Paramount Gold Nevada Corp.","1.05","$36M","2015","Basic Industries","Precious Metals","https://old.nasdaq.com/symbol/pzg",
"PRK","Park National Corporation","103.06","$1.68B","n/a","Finance","Major Banks","https://old.nasdaq.com/symbol/prk",
"PED","Pedevco Corp.","1.32","$95.65M","n/a","Energy","Oil & Gas Production","https://old.nasdaq.com/symbol/ped",
"HNW","Pioneer Diversified High Income Trust","13.8","$114.99M","2007","n/a","n/a","https://old.nasdaq.com/symbol/hnw",
"PLAG","Planet Green Holdings Corp","1.98","$21.83M","n/a","Consumer Non-Durables","Packaged Foods","https://old.nasdaq.com/symbol/plag",
"PLG","Platinum Group Metals Ltd.","2.11","$141.91M","n/a","Basic Industries","Precious Metals","https://old.nasdaq.com/symbol/plg",
"PLYM^A","Plymouth Industrial REIT, Inc.","26","n/a","n/a","n/a","n/a","https://old.nasdaq.com/symbol/plym^a",
"PLM","Polymet Mining Corp.","3.41","$343.39M","n/a","Basic Industries","Precious Metals","https://old.nasdaq.com/symbol/plm",
"PW","Power REIT","26.79","$51.33M","n/a","Consumer Services","Real Estate Investment Trusts","https://old.nasdaq.com/symbol/pw",
"PW^A","Power REIT","26.65","n/a","n/a","n/a","n/a","https://old.nasdaq.com/symbol/pw^a",
"PLX","Protalix BioTherapeutics, Inc.","3.96","$132.01M","n/a","Health Care","Biotechnology: Biological Products (No Diagnostic Substances)","https://old.nasdaq.com/symbol/plx",
"PTK","PTK Acquisition Corp.","9.78","$140.59M","2020","Finance","Business Services","https://old.nasdaq.com/symbol/ptk",
"PTK.U","PTK Acquisition Corp.","n/a","n/a","2020","n/a","n/a","https://old.nasdaq.com/symbol/ptk.u",
"PTK.WS","PTK Acquisition Corp.","n/a","n/a","n/a","n/a","n/a","https://old.nasdaq.com/symbol/ptk.ws",
"RLGT","Radiant Logistics, Inc.","5.71","$283.67M","n/a","Transportation","Oil Refining/Marketing","https://old.nasdaq.com/symbol/rlgt",
"UTG","Reaves Utility Income Fund","33.04","$1.7B","2004","n/a","n/a","https://old.nasdaq.com/symbol/utg",
"RHE","Regional Health Properties, Inc.","1.43","$2.41M","2017","Health Care","Hospital/Nursing Management","https://old.nasdaq.com/symbol/rhe",
"RHE^A","Regional Health Properties, Inc.","1.96","n/a","n/a","n/a","n/a","https://old.nasdaq.com/symbol/rhe^a",
"RCG","RENN Fund, Inc.","1.53","$9.11M","n/a","n/a","n/a","https://old.nasdaq.com/symbol/rcg",
"RVP","Retractable Technologies, Inc.","12.01","$406.14M","n/a","Health Care","Medical/Dental Instruments","https://old.nasdaq.com/symbol/rvp",
"REI","Ring Energy, Inc.","0.6","$49M","n/a","Energy","Oil & Gas Production","https://old.nasdaq.com/symbol/rei",
"SACC","Sachem Capital Corp.","24.73","n/a","2019","Consumer Services","Real Estate Investment Trusts","https://old.nasdaq.com/symbol/sacc",
"SACH","Sachem Capital Corp.","4.04","$89.38M","2017","Consumer Services","Real Estate Investment Trusts","https://old.nasdaq.com/symbol/sach",
"SCCB","Sachem Capital Corp.","25.0789","n/a","2019","Consumer Services","Real Estate Investment Trusts","https://old.nasdaq.com/symbol/sccb",
"SCCC","Sachem Capital Corp.","25.05","n/a","2020","Consumer Services","Real Estate Investment Trusts","https://old.nasdaq.com/symbol/sccc",
"SNMP","Sanchez Midstream Partners LP","0.61","$12.17M","n/a","Energy","Oil & Gas Production","https://old.nasdaq.com/symbol/snmp",
"SEB","Seaboard Corporation","3375.38","$3.92B","1996","Finance","Investment Bankers/Brokers/Service","https://old.nasdaq.com/symbol/seb",
"SENS","Senseonics Holdings, Inc.","0.371","$91.14M","n/a","Capital Goods","Industrial Machinery/Components","https://old.nasdaq.com/symbol/sens",
"SVT","Servotronics, Inc.","7.15","$17.79M","n/a","Capital Goods","Industrial Machinery/Components","https://old.nasdaq.com/symbol/svt",
"SMTS","Sierra Metals Inc.","2.82","$459.1M","n/a","Basic Industries","Precious Metals","https://old.nasdaq.com/symbol/smts",
"SIF","SIFCO Industries, Inc.","3.71","$21.95M","n/a","Capital Goods","Aerospace","https://old.nasdaq.com/symbol/sif",
"SVM","Silvercorp Metals Inc.","7.17","$1.26B","n/a","Basic Industries","Precious Metals","https://old.nasdaq.com/symbol/svm",
"SILV","SilverCrest Metals Inc.","9.04","$1.17B","2018","Basic Industries","Precious Metals","https://old.nasdaq.com/symbol/silv",
"XPL","Solitario Zinc Corp.","0.4559","$26.49M","n/a","Basic Industries","Precious Metals","https://old.nasdaq.com/symbol/xpl",
"LOV","Spark Networks, Inc.","4.4","$114.65M","2017","Consumer Services","Other Consumer Services","https://old.nasdaq.com/symbol/lov",
"STXS","Stereotaxis, Inc.","4.27","$314.64M","n/a","Health Care","Biotechnology: Electromedical & Electrotherapeutic Apparatus","https://old.nasdaq.com/symbol/stxs",
"SSY","SunLink Health Systems, Inc.","1.17","$8.07M","n/a","Health Care","Hospital/Nursing Management","https://old.nasdaq.com/symbol/ssy",
"SDPI","Superior Drilling Products, Inc.","0.4398","$11.27M","2014","Energy","Metal Fabrications","https://old.nasdaq.com/symbol/sdpi",
"SYN","Synthetic Biologics, Inc","0.3579","$7.16M","n/a","Health Care","Major Pharmaceuticals","https://old.nasdaq.com/symbol/syn",
"TKAT","Takung Art Co., Ltd.","0.97","$10.93M","n/a","Consumer Services","Other Specialty Stores","https://old.nasdaq.com/symbol/tkat",
"TALO.WS","Talos Energy, Inc.","n/a","n/a","n/a","n/a","n/a","https://old.nasdaq.com/symbol/talo.ws",
"TRX","Tanzanian Gold Corporation","0.639","$126.18M","n/a","Basic Industries","Precious Metals","https://old.nasdaq.com/symbol/trx",
"TGB","Taseko Mines Limited","0.8308","$228.5M","n/a","Basic Industries","Precious Metals","https://old.nasdaq.com/symbol/tgb",
"TGC","Tengasco, Inc.","1.08","$11.54M","n/a","Energy","Oil & Gas Production","https://old.nasdaq.com/symbol/tgc",
"GLU","The Gabelli Global Utility and Income Trust","17.64","$94.79M","2004","n/a","n/a","https://old.nasdaq.com/symbol/glu",
"GLU^A","The Gabelli Global Utility and Income Trust","46.5614","n/a","n/a","n/a","n/a","https://old.nasdaq.com/symbol/glu^a",
"GLU^B","The Gabelli Global Utility and Income Trust","52.1","n/a","n/a","n/a","n/a","https://old.nasdaq.com/symbol/glu^b",
"GGO","The Gabelli Go Anywhere Trust","11.9102","$18.46M","2016","n/a","n/a","https://old.nasdaq.com/symbol/ggo",
"GGO^A","The Gabelli Go Anywhere Trust","40.7501","n/a","n/a","n/a","n/a","https://old.nasdaq.com/symbol/ggo^a",
"TDW.WS","Tidewater Inc.","n/a","n/a","n/a","n/a","n/a","https://old.nasdaq.com/symbol/tdw.ws",
"TMBR","Timber Pharmaceuticals, Inc.","0.985","$11.67M","2015","Health Care","Major Pharmaceuticals","https://old.nasdaq.com/symbol/tmbr",
"TMP","Tompkins Financial Corporation","65.92","$984.26M","n/a","Finance","Major Banks","https://old.nasdaq.com/symbol/tmp",
"TAT","Transatlantic Petroleum Ltd","0.2395","$18.28M","n/a","Energy","Oil & Gas Production","https://old.nasdaq.com/symbol/tat",
"TRXC","TransEnterix, Inc.","0.4275","$42.71M","n/a","Health Care","Medical/Dental Instruments","https://old.nasdaq.com/symbol/trxc",
"TMQ","Trilogy Metals Inc.","1.65","$235.96M","n/a","Basic Industries","Precious Metals","https://old.nasdaq.com/symbol/tmq",
"TPHS","Trinity Place Holdings Inc.","1.43","$46.01M","n/a","Consumer Services","Building operators","https://old.nasdaq.com/symbol/tphs",
"TRT","Trio-Tech International","3.6","$13.36M","n/a","Technology","Industrial Machinery/Components","https://old.nasdaq.com/symbol/trt",
"UFAB","Unique Fabricating, Inc.","3.92","$38.33M","2015","Capital Goods","Auto Parts:O.E.M.","https://old.nasdaq.com/symbol/ufab",
"UAMY","United States Antimony Corporation","0.4121","$31.3M","n/a","Capital Goods","Metal Fabrications","https://old.nasdaq.com/symbol/uamy",
"UUU","Universal Security Instruments, Inc.","2.95","$6.82M","n/a","Technology","Electronic Components","https://old.nasdaq.com/symbol/uuu",
"URG","Ur Energy Inc","0.4584","$77.78M","n/a","Basic Industries","Precious Metals","https://old.nasdaq.com/symbol/urg",
"UEC","Uranium Energy Corp.","0.98","$193.43M","n/a","Basic Industries","Precious Metals","https://old.nasdaq.com/symbol/uec",
"VGZ","Vista Gold Corporation","0.9923","$101.89M","n/a","Basic Industries","Precious Metals","https://old.nasdaq.com/symbol/vgz",
"VNRX","VolitionRX Limited","3.57","$172.07M","2015","Health Care","Biotechnology: In Vitro & In Vivo Diagnostic Substances","https://old.nasdaq.com/symbol/vnrx",
"VOLT","Volt Information Sciences, Inc.","1.65","$35.81M","n/a","Technology","Professional Services","https://old.nasdaq.com/symbol/volt",
"EAD","Wells Fargo Income Opportunities Fund","7.69","$466.19M","2003","n/a","n/a","https://old.nasdaq.com/symbol/ead",
"ERC","Wells Fargo Multi-Sector Income Fund","11.52","$346.53M","2003","n/a","n/a","https://old.nasdaq.com/symbol/erc",
"ERH","Wells Fargo Utilities and High Income Fund","12.51","$116.03M","2004","n/a","n/a","https://old.nasdaq.com/symbol/erh",
"WRN","Western Copper and Gold Corporation","1.11","$128.5M","2011","Basic Industries","Precious Metals","https://old.nasdaq.com/symbol/wrn",
"WYY","WidePoint Corporation","6.91","$58.45M","n/a","Technology","EDP Services","https://old.nasdaq.com/symbol/wyy",
"WTT","Wireless Telecom Group,  Inc.","1.53","$33.19M","n/a","Capital Goods","Electrical Products","https://old.nasdaq.com/symbol/wtt",
"XTNT","Xtant Medical Holdings, Inc.","1.29","$93.64M","n/a","Health Care","Biotechnology: Biological Products (No Diagnostic Substances)","https://old.nasdaq.com/symbol/xtnt",
"ZDGE","Zedge, Inc.","3.96","$48.69M","2016","Technology","Computer Software: Prepackaged Software","https://old.nasdaq.com/symbol/zdge",
"ZOM","Zomedica Corp.","0.145","$81.79M","2017","Health Care","Major Pharmaceuticals","https://old.nasdaq.com/symbol/zom",
